EsteeID,UnderlyingTicker
BRAALRACNOR6BR00,AALR3
BRABCBACNPR4BR00,ABCB4
BRABEVACNOR1BR00,ABEV3
BRAGROACNOR7BR00,AGRO3
BRALPAACNPR7BR00,ALPA4
BRALSOACNOR5BR00,ALSO3
BRALUPCDAM15BR00,ALUP11
BRANIMACNOR6BR00,ANIM3
BRAPERACNOR9BR00,APER3
BRAZULACNPR4BR00,AZUL4
BRB3SAACNOR6BR00,B3SA3
BRBBASACNOR3BR00,BBAS3
BRBBDCACNOR1BR00,BBDC3
BRBBDCACNPR8BR00,BBDC4
BRBBSEACNOR5BR00,BBSE3
BRBEEFACNOR6BR00,BEEF3
BRBIDIACNPR0BR00,BIDI4
BRBIDICDAXX3BR00,BIDI11
BRBPACUNT006BR00,BPAC11
BRBRAPACNPR2BR00,BRAP4
BRBRDTACNOR1BR00,BRDT3
BRBRFSACNOR8BR00,BRFS3
BRBRKMACNPA4BR00,BRKM5
BRBRMLACNOR9BR00,BRML3
BRBRPRACNOR9BR00,BRPR3
BRBRSRACNPB4BR00,BRSR6
BRBTOWACNOR8BR00,BTOW3
BRCCROACNOR2BR00,CCRO3
BRCESPACNPB4BR00,CESP6
BRCIELACNOR3BR00,CIEL3
BRCMIGACNOR6BR00,CMIG3
BRCMIGACNPR3BR00,CMIG4
BRCNTOACNOR5BR00,CNTO3
BRCOCEACNPA3BR00,COCE5
BRCOGNACNOR2BR00,COGN3
BRCPFEACNOR0BR00,CPFE3
BRCPLEACNOR8BR00,CPLE3
BRCPLEACNPB9BR00,CPLE6
BRCRFBACNOR2BR00,CRFB3
BRCSANACNOR6BR00,CSAN3
BRCSMGACNOR5BR00,CSMG3
BRCSNAACNOR6BR00,CSNA3
BRCVCBACNOR1BR00,CVCB3
BRCYREACNOR7BR00,CYRE3
BRDIRRACNOR0BR00,DIRR3
BRDTEXACNOR3BR00,DTEX3
BRECORACNOR8BR00,ECOR3
BREGIEACNOR9BR00,EGIE3
BRELETACNOR6BR00,ELET3
BRELETACNPB7BR00,ELET6
BREMBRACNOR4BR00,EMBR3
BRENATACNOR0BR00,ENAT3
BRENBRACNOR2BR00,ENBR3
BRENEVACNOR8BR00,ENEV3
BRENGICDAM16BR00,ENGI11
BREQTLACNOR0BR00,EQTL3
BRETERACNOR3BR00,ETER3
BREVENACNOR8BR00,EVEN3
BREZTCACNOR0BR00,EZTC3
BRFESAACNPR5BR00,FESA4
BRFLRYACNOR5BR00,FLRY3
BRGGBRACNOR1BR00,GGBR3
BRGGBRACNPR8BR00,GGBR4
BRGNDIACNOR2BR00,GNDI3
BRGOAUACNPR8BR00,GOAU4
BRGOLLACNPR4BR00,GOLL4
BRGPCPACNOR4BR00,GPCP3
BRGUARACNOR4BR00,GUAR3
BRHAPVACNOR4BR00,HAPV3
BRHGTXACNOR9BR00,HGTX3
BRHYPEACNOR0BR00,HYPE3
BRIGTAACNOR5BR00,IGTA3
BRIRBRACNOR4BR00,IRBR3
BRITSAACNOR0BR00,ITSA3
BRITSAACNPR7BR00,ITSA4
BRITUBACNOR4BR00,ITUB3
BRITUBACNPR1BR00,ITUB4
BRJBSSACNOR8BR00,JBSS3
BRJHSFACNOR2BR00,JHSF3
BRKLBNCDAM18BR00,KLBN11
BRLAMEACNOR9BR00,LAME3
BRLAMEACNPR6BR00,LAME4
BRLCAMACNOR3BR00,LCAM3
BRLEVEACNOR2BR00,LEVE3
BRLIGTACNOR2BR00,LIGT3
BRLINXACNOR0BR00,LINX3
BRLOGGACNOR7BR00,LOGG3
BRLOGNACNOR3BR00,LOGN3
BRLRENACNOR1BR00,LREN3
BRLWSAACNOR8BR00,LWSA3
BRMDIAACNOR7BR00,MDIA3
BRMGLUACNOR2BR00,MGLU3
BRMOVIACNOR0BR00,MOVI3
BRMRFGACNOR0BR00,MRFG3
BRMRVEACNOR2BR00,MRVE3
BRMULTACNOR5BR00,MULT3
BRMYPKACNOR7BR00,MYPK3
BRNEOEACNOR3BR00,NEOE3
BRNTCOACNOR5BR00,NTCO3
BRODPVACNOR4BR00,ODPV3
BROFSAACNOR7BR00,OFSA3
BROMGEACNOR0BR00,OMGE3
BRPARDACNOR1BR00,PARD3
BRPCARACNOR3BR00,PCAR3
BRPETRACNOR9BR00,PETR3
BRPETRACNPR6BR00,PETR4
BRPETZACNOR2BR00,PETZ3
BRPMAMACNOR3BR00,PMAM3
BRPRIOACNOR1BR00,PRIO3
BRPSSAACNOR7BR00,PSSA3
BRQUALACNOR6BR00,QUAL3
BRRADLACNOR0BR00,RADL3
BRRAILACNOR9BR00,RAIL3
BRRAPTACNPR4BR00,RAPT4
BRRENTACNOR4BR00,RENT3
BRRLOGACNOR4BR00,RLOG3
BRROMIACNOR8BR00,ROMI3
BRSANBACNPR5BR00,SANB4
BRSANBCDAM13BR00,SANB11
BRSAPRACNPR6BR00,SAPR4
BRSAPRCDAM13BR00,SAPR11
BRSBSPACNOR5BR00,SBSP3
BRSCARACNOR7BR00,SCAR3
BRSLCEACNOR2BR00,SLCE3
BRSMLSACNOR1BR00,SMLS3
BRSMTOACNOR3BR00,SMTO3
BRSULACDAM12BR00,SULA11
BRSUZBACNOR0BR00,SUZB3
BRTAEECDAM10BR00,TAEE11
BRTASAACNPR4BR00,TASA4
BRTELBACNPR9BR00,TELB4
BRTENDACNOR4BR00,TEND3
BRTGMAACNOR7BR00,TGMA3
BRTIETCDAM15BR00,TIET11
BRTIMSACNOR5BR00,TIMS3
BRTOTSACNOR8BR00,TOTS3
BRTRPLACNPR1BR00,TRPL4
BRTUPYACNOR1BR00,TUPY3
BRUGPAACNOR8BR00,UGPA3
BRUNIPACNPB8BR00,UNIP6
BRUSIMACNPA6BR00,USIM5
BRVALEACNOR0BR00,VALE3
BRVIVAACNOR0BR00,VIVA3
BRVIVTACNOR0BR00,VIVT3
BRVIVTACNPR7BR00,VIVT4
BRVLIDACNOR5BR00,VLID3
BRVVARACNOR1BR00,VVAR3
BRWEGEACNOR0BR00,WEGE3
BRWIZSACNOR1BR00,WIZS3
BRWSONBDR009BR00,WSON33
BRYDUQACNOR3BR00,YDUQ3
